{"cameraMode":{"drawMode":0,"name":"Shaded","section":"Shading Mode"},"sceneLighting":false,"audioPlay":false,"sceneViewState":{"m_AlwaysRefresh":false,"showFog":false,"showSkybox":false,"showFlares":false,"showImageEffects":false,"showParticleSystems":false,"showVisualEffectGraphs":true,"m_FxEnabled":true},"in2DMode":false,"pivot":{"x":-0.000017762184143066406,"y":0.7962411046028137,"z":-0.05927562713623047},"rotation":{"x":-0.21368272602558137,"y":-0.09158073365688324,"z":0.020124562084674836,"w":-0.9724009037017822},"size":0.9790910482406616,"orthographic":false}